id;name;last_name;document_number;email;phone_number;birth_date
1;radical withdrawal;León;Dollar enfoque multi-byte;Rubn30@hotmail.com;plug-and-play envisioneer Métricas;2021-10-20T19:38:44
2;invoice Mascotas;Quesada;a iterate PNG;Dbora.Roybal42@gmail.com;quantify virtual;2021-10-20T13:36:46
3;Ergonómico Castilla-La Adelante;Huerta;Cambridgeshire Multi;Sonia_Archuleta81@yahoo.com;Madera back-end;2021-10-20T22:37:14
4;Ergonómico Avon;Razo;mano lateral;MaraJos22@hotmail.com;Plástico;2021-10-21T02:00:41
5;haptic;Abreu;División Corporativo;Eloisa48@gmail.com;Agente overriding;2021-10-21T02:37:44
6;Avon asíncrona;Carrillo;Hogar Fantástico Pelota;Gregorio.Ferrer59@gmail.com;Avon reboot;2021-10-20T21:11:01
7;Cambridgeshire Algodón;Villagómez;optical Región;Estela.Villegas52@hotmail.com;Metal deposit;2021-10-20T19:24:57
8;Pequeño;Páez;Gerente Extrarradio;Daniela_Amaya83@gmail.com;array technologies;2021-10-20T12:13:59
9;invoice compuesto;Ferrer;reinvent Loan;Gabriel92@yahoo.com;Queso withdrawal Raton;2021-10-20T15:27:43
10;Rojo SAS;Briseño;synthesize alarm Ladrillo;Ignacio_Rivero59@gmail.com;Ergonómico FTP;2021-10-20T16:35:41
